canonical_name,country,source,raw_name
Arsenal,England,fd_couk,Arsenal
Arsenal,England,fd_org,Arsenal FC
Aston Villa,England,fd_couk,Aston Villa
Aston Villa,England,fd_org,Aston Villa FC
AFC Bournemouth,England,fd_couk,Bournemouth
AFC Bournemouth,England,fd_org,AFC Bournemouth
Brentford,England,fd_couk,Brentford
Brentford,England,fd_org,Brentford FC
Brighton & Hove Albion,England,fd_couk,Brighton
Brighton & Hove Albion,England,fd_org,Brighton & Hove Albion FC
Burnley,England,fd_couk,Burnley
Burnley,England,fd_org,Burnley FC
Chelsea,England,fd_couk,Chelsea
Chelsea,England,fd_org,Chelsea FC
Crystal Palace,England,fd_couk,Crystal Palace
Crystal Palace,England,fd_org,Crystal Palace FC
Everton,England,fd_couk,Everton
Everton,England,fd_org,Everton FC
Fulham,England,fd_couk,Fulham
Fulham,England,fd_org,Fulham FC
Ipswich Town,England,fd_couk,Ipswich
Ipswich Town,England,fd_org,Ipswich Town FC
Leeds United,England,fd_couk,Leeds
Leeds United,England,fd_org,Leeds United FC
Leicester City,England,fd_couk,Leicester
Leicester City,England,fd_org,Leicester City FC
Liverpool,England,fd_couk,Liverpool
Liverpool,England,fd_org,Liverpool FC
Manchester City,England,fd_couk,Man City
Manchester City,England,fd_org,Manchester City FC
Manchester United,England,fd_couk,Man United
Manchester United,England,fd_org,Manchester United FC
Newcastle United,England,fd_couk,Newcastle
Newcastle United,England,fd_org,Newcastle United FC
Norwich City,England,fd_couk,Norwich
Norwich City,England,fd_org,Norwich City FC
Nottingham Forest,England,fd_couk,Nott'm Forest
Nottingham Forest,England,fd_org,Nottingham Forest FC
Sheffield United,England,fd_couk,Sheffield United
Sheffield United,England,fd_org,Sheffield United FC
Southampton,England,fd_couk,Southampton
Southampton,England,fd_org,Southampton FC
Tottenham Hotspur,England,fd_couk,Tottenham
Tottenham Hotspur,England,fd_org,Tottenham Hotspur FC
Watford,England,fd_couk,Watford
Watford,England,fd_org,Watford FC
West Bromwich Albion,England,fd_couk,West Brom
West Bromwich Albion,England,fd_org,West Bromwich Albion FC
West Ham United,England,fd_couk,West Ham
West Ham United,England,fd_org,West Ham United FC
Wolverhampton Wanderers,England,fd_couk,Wolves
Wolverhampton Wanderers,England,fd_org,Wolverhampton Wanderers FC
Luton Town,England,fd_couk,Luton
Luton Town,England,fd_org,Luton Town FC
FC Augsburg,Germany,fd_couk,Augsburg
Bayern Munich,Germany,fd_couk,Bayern Munich
Arminia Bielefeld,Germany,fd_couk,Bielefeld
VfL Bochum,Germany,fd_couk,Bochum
SV Darmstadt 98,Germany,fd_couk,Darmstadt
Borussia Dortmund,Germany,fd_couk,Dortmund
Eintracht Frankfurt,Germany,fd_couk,Ein Frankfurt
SV Elversberg,Germany,fd_couk,Elversberg
1. FC Koln,Germany,fd_couk,FC Koln
Fortuna Dusseldorf,Germany,fd_couk,Fortuna Dusseldorf
SC Freiburg,Germany,fd_couk,Freiburg
Greuther Furth,Germany,fd_couk,Greuther Furth
Hamburger SV,Germany,fd_couk,Hamburg
1. FC Heidenheim,Germany,fd_couk,Heidenheim
Hertha BSC,Germany,fd_couk,Hertha
TSG Hoffenheim,Germany,fd_couk,Hoffenheim
Holstein Kiel,Germany,fd_couk,Holstein Kiel
Bayer Leverkusen,Germany,fd_couk,Leverkusen
Borussia Monchengladbach,Germany,fd_couk,M'gladbach
1. FSV Mainz 05,Germany,fd_couk,Mainz
SC Paderborn 07,Germany,fd_couk,Paderborn
RB Leipzig,Germany,fd_couk,RB Leipzig
FC Schalke 04,Germany,fd_couk,Schalke 04
FC St. Pauli,Germany,fd_couk,St Pauli
VfB Stuttgart,Germany,fd_couk,Stuttgart
1. FC Union Berlin,Germany,fd_couk,Union Berlin
Werder Bremen,Germany,fd_couk,Werder Bremen
VfL Wolfsburg,Germany,fd_couk,Wolfsburg
Deportivo Alaves,Spain,fd_couk,Alaves
UD Almeria,Spain,fd_couk,Almeria
Athletic Club,Spain,fd_couk,Ath Bilbao
Atletico Madrid,Spain,fd_couk,Ath Madrid
FC Barcelona,Spain,fd_couk,Barcelona
Real Betis,Spain,fd_couk,Betis
Cadiz CF,Spain,fd_couk,Cadiz
Celta Vigo,Spain,fd_couk,Celta
SD Eibar,Spain,fd_couk,Eibar
Elche CF,Spain,fd_couk,Elche
RCD Espanyol,Spain,fd_couk,Espanol
Getafe CF,Spain,fd_couk,Getafe
Girona FC,Spain,fd_couk,Girona
Granada CF,Spain,fd_couk,Granada
SD Huesca,Spain,fd_couk,Huesca
Deportivo La Coruna,Spain,fd_couk,La Coruna
UD Las Palmas,Spain,fd_couk,Las Palmas
CD Leganes,Spain,fd_couk,Leganes
Levante UD,Spain,fd_couk,Levante
Malaga CF,Spain,fd_couk,Malaga
RCD Mallorca,Spain,fd_couk,Mallorca
CA Osasuna,Spain,fd_couk,Osasuna
Real Oviedo,Spain,fd_couk,Oviedo
Real Madrid,Spain,fd_couk,Real Madrid
Racing Santander,Spain,fd_couk,Santander
Sevilla FC,Spain,fd_couk,Sevilla
Real Sociedad,Spain,fd_couk,Sociedad
Valencia CF,Spain,fd_couk,Valencia
Real Valladolid,Spain,fd_couk,Valladolid
Rayo Vallecano,Spain,fd_couk,Vallecano
Villarreal CF,Spain,fd_couk,Villarreal
Atalanta BC,Italy,fd_couk,Atalanta
Benevento Calcio,Italy,fd_couk,Benevento
Bologna FC,Italy,fd_couk,Bologna
Brescia Calcio,Italy,fd_couk,Brescia
Cagliari Calcio,Italy,fd_couk,Cagliari
Como 1907,Italy,fd_couk,Como
US Cremonese,Italy,fd_couk,Cremonese
FC Crotone,Italy,fd_couk,Crotone
Empoli FC,Italy,fd_couk,Empoli
ACF Fiorentina,Italy,fd_couk,Fiorentina
Frosinone Calcio,Italy,fd_couk,Frosinone
Genoa CFC,Italy,fd_couk,Genoa
Inter Milan,Italy,fd_couk,Inter
Juventus FC,Italy,fd_couk,Juventus
SS Lazio,Italy,fd_couk,Lazio
US Lecce,Italy,fd_couk,Lecce
AC Milan,Italy,fd_couk,Milan
AC Monza,Italy,fd_couk,Monza
SSC Napoli,Italy,fd_couk,Napoli
Parma Calcio,Italy,fd_couk,Parma
AC Pisa,Italy,fd_couk,Pisa
AS Roma,Italy,fd_couk,Roma
US Salernitana,Italy,fd_couk,Salernitana
UC Sampdoria,Italy,fd_couk,Sampdoria
US Sassuolo,Italy,fd_couk,Sassuolo
SPAL,Italy,fd_couk,Spal
Spezia Calcio,Italy,fd_couk,Spezia
Torino FC,Italy,fd_couk,Torino
Udinese Calcio,Italy,fd_couk,Udinese
Venezia FC,Italy,fd_couk,Venezia
Hellas Verona,Italy,fd_couk,Verona
AC Ajaccio,France,fd_couk,Ajaccio
Amiens SC,France,fd_couk,Amiens
Angers SCO,France,fd_couk,Angers
AJ Auxerre,France,fd_couk,Auxerre
Girondins de Bordeaux,France,fd_couk,Bordeaux
Stade Brestois,France,fd_couk,Brest
Clermont Foot,France,fd_couk,Clermont
Dijon FCO,France,fd_couk,Dijon
Le Havre AC,France,fd_couk,Le Havre
Le Mans FC,France,fd_couk,Le Mans
RC Lens,France,fd_couk,Lens
Lille OSC,France,fd_couk,Lille
FC Lorient,France,fd_couk,Lorient
Olympique Lyonnais,France,fd_couk,Lyon
Olympique de Marseille,France,fd_couk,Marseille
FC Metz,France,fd_couk,Metz
AS Monaco,France,fd_couk,Monaco
Montpellier HSC,France,fd_couk,Montpellier
FC Nantes,France,fd_couk,Nantes
OGC Nice,France,fd_couk,Nice
Nimes Olympique,France,fd_couk,Nimes
Paris FC,France,fd_couk,Paris FC
Paris Saint-Germain,France,fd_couk,Paris SG
Stade de Reims,France,fd_couk,Reims
Stade Rennais,France,fd_couk,Rennes
AS Saint-Etienne,France,fd_couk,St Etienne
RC Strasbourg,France,fd_couk,Strasbourg
Toulouse FC,France,fd_couk,Toulouse
ESTAC Troyes,France,fd_couk,Troyes
Barnsley FC,England,fd_couk,Barnsley
Birmingham City,England,fd_couk,Birmingham
Blackburn Rovers,England,fd_couk,Blackburn
Blackpool FC,England,fd_couk,Blackpool
Bolton Wanderers,England,fd_couk,Bolton
Bristol City,England,fd_couk,Bristol City
Cardiff City,England,fd_couk,Cardiff
Charlton Athletic,England,fd_couk,Charlton
Coventry City,England,fd_couk,Coventry
Derby County,England,fd_couk,Derby
Huddersfield Town,England,fd_couk,Huddersfield
Hull City,England,fd_couk,Hull
Lincoln City,England,fd_couk,Lincoln
Middlesbrough FC,England,fd_couk,Middlesbrough
Millwall FC,England,fd_couk,Millwall
Oxford United,England,fd_couk,Oxford
Peterborough United,England,fd_couk,Peterboro
Plymouth Argyle,England,fd_couk,Plymouth
Portsmouth FC,England,fd_couk,Portsmouth
Preston North End,England,fd_couk,Preston
Queens Park Rangers,England,fd_couk,QPR
Reading FC,England,fd_couk,Reading
Rotherham United,England,fd_couk,Rotherham
Sheffield Wednesday,England,fd_couk,Sheffield Weds
Stoke City,England,fd_couk,Stoke
Sunderland AFC,England,fd_couk,Sunderland
Swansea City,England,fd_couk,Swansea
Wigan Athletic,England,fd_couk,Wigan
Wrexham AFC,England,fd_couk,Wrexham
Wycombe Wanderers,England,fd_couk,Wycombe
